gene,variant_id,rsid,population,allele_count,allele_number,allele_frequency
CYP2C19,CYP2C19_M1V_start_lost,rs28399504,asj,483,29564,0.016337437423893927
CYP2C19,CYP2C19_M1V_start_lost,rs28399504,amr,227,60014,0.0037824507614889857
CYP2C19,CYP2C19_M1V_start_lost,rs28399504,remaining,180,62454,0.002882121241233548
CYP2C19,CYP2C19_M1V_start_lost,rs28399504,nfe,2886,1179586,0.0024466211026580513
CYP2C19,CYP2C19_M1V_start_lost,rs28399504,mid,6,5758,0.0010420284821118443
CYP2C19,CYP2C19_M1V_start_lost,rs28399504,afr,37,75038,0.000493083504357792
CYP2C19,CYP2C19_M1V_start_lost,rs28399504,sas,30,91026,0.0003295761650517435
CYP2C19,CYP2C19_M1V_start_lost,rs28399504,eas,13,44858,0.0002898033795532569
CYP2C19,CYP2C19_M1V_start_lost,rs28399504,fin,4,63920,6.257822277847309e-05
CYP2C19,CYP2C19_M1V_start_lost,rs28399504,ami,0,912,0.0
